country,region,w_per_capita_2019,share_of_total_consumption,year,total,new,percentage_share_consumption,avg_w_per_capita_2019,avg_2019_new,gdp_per_capita,gdp_net,gdp_per_capita_total_generation_ratio,gdp_w_per_capita_ratio,gdp_net_total_generation_ratio,growth_rate
South Africa,Africa,44.0,2.0,2016,1450.0,,1.6500000000000001,23.333333333333336,504.57142857142856,2409.0,2781.0,0.25981449525452976,103.24285714285713,0.29993528904227784,
Egypt,Africa,17.0,1.65,2016,48.0,,1.6500000000000001,23.333333333333336,504.57142857142856,2409.0,2781.0,0.25981449525452976,103.24285714285713,0.29993528904227784,
Morocco,Africa,6.0,1.3,2016,202.0,,1.6500000000000001,23.333333333333336,504.57142857142856,2409.0,2781.0,0.25981449525452976,103.24285714285713,0.29993528904227784,
Algeria,Africa,10.0,1.65,2016,219.0,,1.6500000000000001,23.333333333333336,504.57142857142856,2409.0,2781.0,0.25981449525452976,103.24285714285713,0.29993528904227784,
Senegal,Africa,8.0,1.65,2016,43.0,,1.6500000000000001,23.333333333333336,504.57142857142856,2409.0,2781.0,0.25981449525452976,103.24285714285713,0.29993528904227784,
Namibia,Africa,55.0,1.65,2016,36.0,,1.6500000000000001,23.333333333333336,504.57142857142856,2409.0,2781.0,0.25981449525452976,103.24285714285713,0.29993528904227784,
Kenya,Africa,23.33333333333333,1.65,2016,32.0,,1.6500000000000001,23.333333333333336,504.57142857142856,2409.0,2781.0,0.25981449525452976,103.24285714285713,0.29993528904227784,
South Africa,Africa,44.0,2.0,2017,1800.0,13.0,1.6500000000000001,23.333333333333336,504.57142857142856,2409.0,2781.0,0.25981449525452976,103.24285714285713,0.29993528904227784,
Egypt,Africa,17.0,1.65,2017,169.0,121.0,1.6500000000000001,23.333333333333336,504.57142857142856,2409.0,2781.0,0.25981449525452976,103.24285714285713,0.29993528904227784,
Morocco,Africa,6.0,1.3,2017,204.0,2.0,1.6500000000000001,23.333333333333336,504.57142857142856,2409.0,2781.0,0.25981449525452976,103.24285714285713,0.29993528904227784,
Algeria,Africa,10.0,1.65,2017,400.0,181.0,1.6500000000000001,23.333333333333336,504.57142857142856,2409.0,2781.0,0.25981449525452976,103.24285714285713,0.29993528904227784,
Senegal,Africa,8.0,1.65,2017,113.0,70.0,1.6500000000000001,23.333333333333336,504.57142857142856,2409.0,2781.0,0.25981449525452976,103.24285714285713,0.29993528904227784,
Namibia,Africa,55.0,1.65,2017,70.0,34.0,1.6500000000000001,23.333333333333336,504.57142857142856,2409.0,2781.0,0.25981449525452976,103.24285714285713,0.29993528904227784,
Kenya,Africa,23.33333333333333,1.65,2017,39.0,7.0,1.6500000000000001,23.333333333333336,504.57142857142856,2409.0,2781.0,0.25981449525452976,103.24285714285713,0.29993528904227784,
South Africa,Africa,44.0,2.0,2018,2559.0,759.0,1.6500000000000001,23.333333333333336,504.57142857142856,2409.0,2781.0,0.25981449525452976,103.24285714285713,0.29993528904227784,0.0599469496021221
Egypt,Africa,17.0,1.65,2018,750.0,581.0,1.6500000000000001,23.333333333333336,504.57142857142856,2409.0,2781.0,0.25981449525452976,103.24285714285713,0.29993528904227784,0.0599469496021221
Morocco,Africa,6.0,1.3,2018,734.0,530.0,1.6500000000000001,23.333333333333336,504.57142857142856,2409.0,2781.0,0.25981449525452976,103.24285714285713,0.29993528904227784,0.0599469496021221
Algeria,Africa,10.0,1.65,2018,423.0,23.0,1.6500000000000001,23.333333333333336,504.57142857142856,2409.0,2781.0,0.25981449525452976,103.24285714285713,0.29993528904227784,0.0599469496021221
Senegal,Africa,8.0,1.65,2018,134.0,21.0,1.6500000000000001,23.333333333333336,504.57142857142856,2409.0,2781.0,0.25981449525452976,103.24285714285713,0.29993528904227784,0.0599469496021221
Namibia,Africa,55.0,1.65,2018,88.0,18.0,1.6500000000000001,23.333333333333336,504.57142857142856,2409.0,2781.0,0.25981449525452976,103.24285714285713,0.29993528904227784,0.0599469496021221
Kenya,Africa,23.33333333333333,1.65,2018,105.0,66.0,1.6500000000000001,23.333333333333336,504.57142857142856,2409.0,2781.0,0.25981449525452976,103.24285714285713,0.29993528904227784,0.0599469496021221
South Africa,Africa,44.0,2.0,2019,2561.0,2.0,1.6500000000000001,23.333333333333336,504.57142857142856,2409.0,2781.0,0.25981449525452976,103.24285714285713,0.29993528904227784,-0.526736631684158
Egypt,Africa,17.0,1.65,2019,1647.0,897.0,1.6500000000000001,23.333333333333336,504.57142857142856,2409.0,2781.0,0.25981449525452976,103.24285714285713,0.29993528904227784,-0.526736631684158
Morocco,Africa,6.0,1.3,2019,734.0,0.0,1.6500000000000001,23.333333333333336,504.57142857142856,2409.0,2781.0,0.25981449525452976,103.24285714285713,0.29993528904227784,-0.526736631684158
Algeria,Africa,10.0,1.65,2019,423.0,0.0,1.6500000000000001,23.333333333333336,504.57142857142856,2409.0,2781.0,0.25981449525452976,103.24285714285713,0.29993528904227784,-0.526736631684158
Senegal,Africa,8.0,1.65,2019,134.0,0.0,1.6500000000000001,23.333333333333336,504.57142857142856,2409.0,2781.0,0.25981449525452976,103.24285714285713,0.29993528904227784,-0.526736631684158
Namibia,Africa,55.0,1.65,2019,135.0,47.0,1.6500000000000001,23.333333333333336,504.57142857142856,2409.0,2781.0,0.25981449525452976,103.24285714285713,0.29993528904227784,-0.526736631684158
Kenya,Africa,23.33333333333333,1.65,2019,106.0,1.0,1.6500000000000001,23.333333333333336,504.57142857142856,2409.0,2781.0,0.25981449525452976,103.24285714285713,0.29993528904227784,-0.526736631684158
South Africa,Africa,44.0,2.0,2020,5990.0,3429.0,1.6500000000000001,23.333333333333336,504.57142857142856,2409.0,2781.0,0.25981449525452976,103.24285714285713,0.29993528904227784,0.19082939986513825
Egypt,Africa,17.0,1.65,2020,1694.0,47.0,1.6500000000000001,23.333333333333336,504.57142857142856,2409.0,2781.0,0.25981449525452976,103.24285714285713,0.29993528904227784,0.19082939986513825
Morocco,Africa,6.0,1.3,2020,734.0,0.0,1.6500000000000001,23.333333333333336,504.57142857142856,2409.0,2781.0,0.25981449525452976,103.24285714285713,0.29993528904227784,0.19082939986513825
Algeria,Africa,10.0,1.65,2020,448.0,25.0,1.6500000000000001,23.333333333333336,504.57142857142856,2409.0,2781.0,0.25981449525452976,103.24285714285713,0.29993528904227784,0.19082939986513825
Senegal,Africa,8.0,1.65,2020,155.0,21.0,1.6500000000000001,23.333333333333336,504.57142857142856,2409.0,2781.0,0.25981449525452976,103.24285714285713,0.29993528904227784,0.19082939986513825
Namibia,Africa,55.0,1.65,2020,145.0,10.0,1.6500000000000001,23.333333333333336,504.57142857142856,2409.0,2781.0,0.25981449525452976,103.24285714285713,0.29993528904227784,0.19082939986513825
Kenya,Africa,23.33333333333333,1.65,2020,106.0,0.0,1.6500000000000001,23.333333333333336,504.57142857142856,2409.0,2781.0,0.25981449525452976,103.24285714285713,0.29993528904227784,0.19082939986513825
China,Asia,147.0,6.2,2016,78070.0,,4.2239130434782615,92.0,3382.5652173913045,8632.0,39781.0,0.020603693961628245,93.82608695652173,0.09495314521403304,
Japan,Asia,498.0,8.3,2016,42750.0,,4.2239130434782615,92.0,3382.5652173913045,8632.0,39781.0,0.020603693961628245,93.82608695652173,0.09495314521403304,
India,Asia,32.0,6.5,2016,9010.0,,4.2239130434782615,92.0,3382.5652173913045,8632.0,39781.0,0.020603693961628245,93.82608695652173,0.09495314521403304,
Vietnam,Asia,60.0,4.25,2016,6.0,,4.2239130434782615,92.0,3382.5652173913045,8632.0,39781.0,0.020603693961628245,93.82608695652173,0.09495314521403304,
South Korea,Asia,217.0,3.8,2016,4350.0,,4.2239130434782615,92.0,3382.5652173913045,8632.0,39781.0,0.020603693961628245,93.82608695652173,0.09495314521403304,
Turkey,Asia,73.0,5.9,2016,832.0,,4.2239130434782615,92.0,3382.5652173913045,8632.0,39781.0,0.020603693961628245,93.82608695652173,0.09495314521403304,
Taiwan,Asia,172.0,4.25,2016,,,4.2239130434782615,92.0,3382.5652173913045,8632.0,39781.0,0.020603693961628245,93.82608695652173,0.09495314521403304,
Thailand,Asia,43.0,2.9,2016,2150.0,,4.2239130434782615,92.0,3382.5652173913045,8632.0,39781.0,0.020603693961628245,93.82608695652173,0.09495314521403304,
United Arab Emirates,Asia,185.0,4.25,2016,42.0,,4.2239130434782615,92.0,3382.5652173913045,8632.0,39781.0,0.020603693961628245,93.82608695652173,0.09495314521403304,
Israel,Asia,134.0,4.7,2016,910.0,,4.2239130434782615,92.0,3382.5652173913045,8632.0,39781.0,0.020603693961628245,93.82608695652173,0.09495314521403304,
Malaysia,Asia,28.0,2.4,2016,286.0,,4.2239130434782615,92.0,3382.5652173913045,8632.0,39781.0,0.020603693961628245,93.82608695652173,0.09495314521403304,
Jordan,Asia,100.0,4.25,2016,298.0,,4.2239130434782615,92.0,3382.5652173913045,8632.0,39781.0,0.020603693961628245,93.82608695652173,0.09495314521403304,
Philippines,Asia,9.0,4.25,2016,900.0,,4.2239130434782615,92.0,3382.5652173913045,8632.0,39781.0,0.020603693961628245,93.82608695652173,0.09495314521403304,
Pakistan,Asia,6.0,4.25,2016,589.0,,4.2239130434782615,92.0,3382.5652173913045,8632.0,39781.0,0.020603693961628245,93.82608695652173,0.09495314521403304,
Iran,Asia,5.0,0.4,2016,43.0,,4.2239130434782615,92.0,3382.5652173913045,8632.0,39781.0,0.020603693961628245,93.82608695652173,0.09495314521403304,
Saudi Arabia,Asia,60.0,4.25,2016,24.0,,4.2239130434782615,92.0,3382.5652173913045,8632.0,39781.0,0.020603693961628245,93.82608695652173,0.09495314521403304,
Singapore,Asia,45.0,0.8,2016,97.0,,4.2239130434782615,92.0,3382.5652173913045,8632.0,39781.0,0.020603693961628245,93.82608695652173,0.09495314521403304,
Bangladesh,Asia,2.0,4.25,2016,161.0,,4.2239130434782615,92.0,3382.5652173913045,8632.0,39781.0,0.020603693961628245,93.82608695652173,0.09495314521403304,
Yemen,Asia,60.0,4.25,2016,80.0,,4.2239130434782615,92.0,3382.5652173913045,8632.0,39781.0,0.020603693961628245,93.82608695652173,0.09495314521403304,
Iraq,Asia,60.0,4.25,2016,37.0,,4.2239130434782615,92.0,3382.5652173913045,8632.0,39781.0,0.020603693961628245,93.82608695652173,0.09495314521403304,
Cambodia,Asia,60.0,4.25,2016,18.0,,4.2239130434782615,92.0,3382.5652173913045,8632.0,39781.0,0.020603693961628245,93.82608695652173,0.09495314521403304,
Indonesia,Asia,60.0,4.25,2016,88.0,,4.2239130434782615,92.0,3382.5652173913045,8632.0,39781.0,0.020603693961628245,93.82608695652173,0.09495314521403304,
Oman,Asia,60.0,4.25,2016,2.0,,4.2239130434782615,92.0,3382.5652173913045,8632.0,39781.0,0.020603693961628245,93.82608695652173,0.09495314521403304,
China,Asia,147.0,6.2,2017,131000.0,53000.0,4.2239130434782615,92.0,3382.5652173913045,8632.0,39781.0,0.020603693961628245,93.82608695652173,0.09495314521403304,171.80140186915887
Japan,Asia,498.0,8.3,2017,49000.0,7000.0,4.2239130434782615,92.0,3382.5652173913045,8632.0,39781.0,0.020603693961628245,93.82608695652173,0.09495314521403304,171.80140186915887
India,Asia,32.0,6.5,2017,18300.0,9100.0,4.2239130434782615,92.0,3382.5652173913045,8632.0,39781.0,0.020603693961628245,93.82608695652173,0.09495314521403304,171.80140186915887
Vietnam,Asia,60.0,4.25,2017,9.0,3.0,4.2239130434782615,92.0,3382.5652173913045,8632.0,39781.0,0.020603693961628245,93.82608695652173,0.09495314521403304,171.80140186915887
South Korea,Asia,217.0,3.8,2017,5600.0,1200.0,4.2239130434782615,92.0,3382.5652173913045,8632.0,39781.0,0.020603693961628245,93.82608695652173,0.09495314521403304,171.80140186915887
Turkey,Asia,73.0,5.9,2017,3400.0,2600.0,4.2239130434782615,92.0,3382.5652173913045,8632.0,39781.0,0.020603693961628245,93.82608695652173,0.09495314521403304,171.80140186915887
Taiwan,Asia,172.0,4.25,2017,,,4.2239130434782615,92.0,3382.5652173913045,8632.0,39781.0,0.020603693961628245,93.82608695652173,0.09495314521403304,171.80140186915887
Thailand,Asia,43.0,2.9,2017,2700.0,251.0,4.2239130434782615,92.0,3382.5652173913045,8632.0,39781.0,0.020603693961628245,93.82608695652173,0.09495314521403304,171.80140186915887
United Arab Emirates,Asia,185.0,4.25,2017,255.0,213.0,4.2239130434782615,92.0,3382.5652173913045,8632.0,39781.0,0.020603693961628245,93.82608695652173,0.09495314521403304,171.80140186915887
Israel,Asia,134.0,4.7,2017,1100.0,60.0,4.2239130434782615,92.0,3382.5652173913045,8632.0,39781.0,0.020603693961628245,93.82608695652173,0.09495314521403304,171.80140186915887
Malaysia,Asia,28.0,2.4,2017,386.0,50.0,4.2239130434782615,92.0,3382.5652173913045,8632.0,39781.0,0.020603693961628245,93.82608695652173,0.09495314521403304,171.80140186915887
Jordan,Asia,100.0,4.25,2017,471.0,173.0,4.2239130434782615,92.0,3382.5652173913045,8632.0,39781.0,0.020603693961628245,93.82608695652173,0.09495314521403304,171.80140186915887
Philippines,Asia,9.0,4.25,2017,,,4.2239130434782615,92.0,3382.5652173913045,8632.0,39781.0,0.020603693961628245,93.82608695652173,0.09495314521403304,171.80140186915887
Pakistan,Asia,6.0,4.25,2017,655.0,66.0,4.2239130434782615,92.0,3382.5652173913045,8632.0,39781.0,0.020603693961628245,93.82608695652173,0.09495314521403304,171.80140186915887
Iran,Asia,5.0,0.4,2017,184.0,141.0,4.2239130434782615,92.0,3382.5652173913045,8632.0,39781.0,0.020603693961628245,93.82608695652173,0.09495314521403304,171.80140186915887
Saudi Arabia,Asia,60.0,4.25,2017,34.0,10.0,4.2239130434782615,92.0,3382.5652173913045,8632.0,39781.0,0.020603693961628245,93.82608695652173,0.09495314521403304,171.80140186915887
Singapore,Asia,45.0,0.8,2017,118.0,21.0,4.2239130434782615,92.0,3382.5652173913045,8632.0,39781.0,0.020603693961628245,93.82608695652173,0.09495314521403304,171.80140186915887
Bangladesh,Asia,2.0,4.25,2017,185.0,24.0,4.2239130434782615,92.0,3382.5652173913045,8632.0,39781.0,0.020603693961628245,93.82608695652173,0.09495314521403304,171.80140186915887
Yemen,Asia,60.0,4.25,2017,100.0,20.0,4.2239130434782615,92.0,3382.5652173913045,8632.0,39781.0,0.020603693961628245,93.82608695652173,0.09495314521403304,171.80140186915887
Iraq,Asia,60.0,4.25,2017,37.0,0.0,4.2239130434782615,92.0,3382.5652173913045,8632.0,39781.0,0.020603693961628245,93.82608695652173,0.09495314521403304,171.80140186915887
Cambodia,Asia,60.0,4.25,2017,29.0,11.0,4.2239130434782615,92.0,3382.5652173913045,8632.0,39781.0,0.020603693961628245,93.82608695652173,0.09495314521403304,171.80140186915887
Indonesia,Asia,60.0,4.25,2017,98.0,10.0,4.2239130434782615,92.0,3382.5652173913045,8632.0,39781.0,0.020603693961628245,93.82608695652173,0.09495314521403304,171.80140186915887
Oman,Asia,60.0,4.25,2017,8.0,6.0,4.2239130434782615,92.0,3382.5652173913045,8632.0,39781.0,0.020603693961628245,93.82608695652173,0.09495314521403304,171.80140186915887
China,Asia,147.0,6.2,2018,175018.0,45000.0,4.2239130434782615,92.0,3382.5652173913045,8632.0,39781.0,0.020603693961628245,93.82608695652173,0.09495314521403304,32.633133133133136
Japan,Asia,498.0,8.3,2018,55500.0,6500.0,4.2239130434782615,92.0,3382.5652173913045,8632.0,39781.0,0.020603693961628245,93.82608695652173,0.09495314521403304,32.633133133133136
India,Asia,32.0,6.5,2018,26869.0,10800.0,4.2239130434782615,92.0,3382.5652173913045,8632.0,39781.0,0.020603693961628245,93.82608695652173,0.09495314521403304,32.633133133133136
Vietnam,Asia,60.0,4.25,2018,106.0,97.0,4.2239130434782615,92.0,3382.5652173913045,8632.0,39781.0,0.020603693961628245,93.82608695652173,0.09495314521403304,32.633133133133136
South Korea,Asia,217.0,3.8,2018,7862.0,2000.0,4.2239130434782615,92.0,3382.5652173913045,8632.0,39781.0,0.020603693961628245,93.82608695652173,0.09495314521403304,32.633133133133136
Turkey,Asia,73.0,5.9,2018,5063.0,1600.0,4.2239130434782615,92.0,3382.5652173913045,8632.0,39781.0,0.020603693961628245,93.82608695652173,0.09495314521403304,32.633133133133136
Taiwan,Asia,172.0,4.25,2018,2618.0,,4.2239130434782615,92.0,3382.5652173913045,8632.0,39781.0,0.020603693961628245,93.82608695652173,0.09495314521403304,32.633133133133136
Thailand,Asia,43.0,2.9,2018,2720.0,20.0,4.2239130434782615,92.0,3382.5652173913045,8632.0,39781.0,0.020603693961628245,93.82608695652173,0.09495314521403304,32.633133133133136
United Arab Emirates,Asia,185.0,4.25,2018,494.0,239.0,4.2239130434782615,92.0,3382.5652173913045,8632.0,39781.0,0.020603693961628245,93.82608695652173,0.09495314521403304,32.633133133133136
Israel,Asia,134.0,4.7,2018,1070.0,-30.0,4.2239130434782615,92.0,3382.5652173913045,8632.0,39781.0,0.020603693961628245,93.82608695652173,0.09495314521403304,32.633133133133136
Malaysia,Asia,28.0,2.4,2018,438.0,52.0,4.2239130434782615,92.0,3382.5652173913045,8632.0,39781.0,0.020603693961628245,93.82608695652173,0.09495314521403304,32.633133133133136
Jordan,Asia,100.0,4.25,2018,829.0,358.0,4.2239130434782615,92.0,3382.5652173913045,8632.0,39781.0,0.020603693961628245,93.82608695652173,0.09495314521403304,32.633133133133136
Philippines,Asia,9.0,4.25,2018,886.0,,4.2239130434782615,92.0,3382.5652173913045,8632.0,39781.0,0.020603693961628245,93.82608695652173,0.09495314521403304,32.633133133133136
Pakistan,Asia,6.0,4.25,2018,679.0,24.0,4.2239130434782615,92.0,3382.5652173913045,8632.0,39781.0,0.020603693961628245,93.82608695652173,0.09495314521403304,32.633133133133136
Iran,Asia,5.0,0.4,2018,286.0,102.0,4.2239130434782615,92.0,3382.5652173913045,8632.0,39781.0,0.020603693961628245,93.82608695652173,0.09495314521403304,32.633133133133136
Saudi Arabia,Asia,60.0,4.25,2018,84.0,50.0,4.2239130434782615,92.0,3382.5652173913045,8632.0,39781.0,0.020603693961628245,93.82608695652173,0.09495314521403304,32.633133133133136
Singapore,Asia,45.0,0.8,2018,160.0,42.0,4.2239130434782615,92.0,3382.5652173913045,8632.0,39781.0,0.020603693961628245,93.82608695652173,0.09495314521403304,32.633133133133136
Bangladesh,Asia,2.0,4.25,2018,201.0,16.0,4.2239130434782615,92.0,3382.5652173913045,8632.0,39781.0,0.020603693961628245,93.82608695652173,0.09495314521403304,32.633133133133136
Yemen,Asia,60.0,4.25,2018,250.0,150.0,4.2239130434782615,92.0,3382.5652173913045,8632.0,39781.0,0.020603693961628245,93.82608695652173,0.09495314521403304,32.633133133133136
Iraq,Asia,60.0,4.25,2018,216.0,179.0,4.2239130434782615,92.0,3382.5652173913045,8632.0,39781.0,0.020603693961628245,93.82608695652173,0.09495314521403304,32.633133133133136
Cambodia,Asia,60.0,4.25,2018,29.0,0.0,4.2239130434782615,92.0,3382.5652173913045,8632.0,39781.0,0.020603693961628245,93.82608695652173,0.09495314521403304,32.633133133133136
Indonesia,Asia,60.0,4.25,2018,98.0,0.0,4.2239130434782615,92.0,3382.5652173913045,8632.0,39781.0,0.020603693961628245,93.82608695652173,0.09495314521403304,32.633133133133136
Oman,Asia,60.0,4.25,2018,8.0,0.0,4.2239130434782615,92.0,3382.5652173913045,8632.0,39781.0,0.020603693961628245,93.82608695652173,0.09495314521403304,32.633133133133136
China,Asia,147.0,6.2,2019,204700.0,30100.0,4.2239130434782615,92.0,3382.5652173913045,8632.0,39781.0,0.020603693961628245,93.82608695652173,0.09495314521403304,62.75923970432946
Japan,Asia,498.0,8.3,2019,63000.0,7000.0,4.2239130434782615,92.0,3382.5652173913045,8632.0,39781.0,0.020603693961628245,93.82608695652173,0.09495314521403304,62.75923970432946
India,Asia,32.0,6.5,2019,35089.0,9900.0,4.2239130434782615,92.0,3382.5652173913045,8632.0,39781.0,0.020603693961628245,93.82608695652173,0.09495314521403304,62.75923970432946
Vietnam,Asia,60.0,4.25,2019,5695.0,4800.0,4.2239130434782615,92.0,3382.5652173913045,8632.0,39781.0,0.020603693961628245,93.82608695652173,0.09495314521403304,62.75923970432946
South Korea,Asia,217.0,3.8,2019,11200.0,3100.0,4.2239130434782615,92.0,3382.5652173913045,8632.0,39781.0,0.020603693961628245,93.82608695652173,0.09495314521403304,62.75923970432946
Turkey,Asia,73.0,5.9,2019,5995.0,932.0,4.2239130434782615,92.0,3382.5652173913045,8632.0,39781.0,0.020603693961628245,93.82608695652173,0.09495314521403304,62.75923970432946
Taiwan,Asia,172.0,4.25,2019,4100.0,1482.0,4.2239130434782615,92.0,3382.5652173913045,8632.0,39781.0,0.020603693961628245,93.82608695652173,0.09495314521403304,62.75923970432946
Thailand,Asia,43.0,2.9,2019,2982.0,262.0,4.2239130434782615,92.0,3382.5652173913045,8632.0,39781.0,0.020603693961628245,93.82608695652173,0.09495314521403304,62.75923970432946
United Arab Emirates,Asia,185.0,4.25,2019,1783.0,1289.0,4.2239130434782615,92.0,3382.5652173913045,8632.0,39781.0,0.020603693961628245,93.82608695652173,0.09495314521403304,62.75923970432946
Israel,Asia,134.0,4.7,2019,1190.0,120.0,4.2239130434782615,92.0,3382.5652173913045,8632.0,39781.0,0.020603693961628245,93.82608695652173,0.09495314521403304,62.75923970432946
Malaysia,Asia,28.0,2.4,2019,882.0,444.0,4.2239130434782615,92.0,3382.5652173913045,8632.0,39781.0,0.020603693961628245,93.82608695652173,0.09495314521403304,62.75923970432946
Jordan,Asia,100.0,4.25,2019,998.0,169.0,4.2239130434782615,92.0,3382.5652173913045,8632.0,39781.0,0.020603693961628245,93.82608695652173,0.09495314521403304,62.75923970432946
Philippines,Asia,9.0,4.25,2019,922.0,36.0,4.2239130434782615,92.0,3382.5652173913045,8632.0,39781.0,0.020603693961628245,93.82608695652173,0.09495314521403304,62.75923970432946
Pakistan,Asia,6.0,4.25,2019,713.0,34.0,4.2239130434782615,92.0,3382.5652173913045,8632.0,39781.0,0.020603693961628245,93.82608695652173,0.09495314521403304,62.75923970432946
Iran,Asia,5.0,0.4,2019,367.0,81.0,4.2239130434782615,92.0,3382.5652173913045,8632.0,39781.0,0.020603693961628245,93.82608695652173,0.09495314521403304,62.75923970432946
Saudi Arabia,Asia,60.0,4.25,2019,409.0,325.0,4.2239130434782615,92.0,3382.5652173913045,8632.0,39781.0,0.020603693961628245,93.82608695652173,0.09495314521403304,62.75923970432946
Singapore,Asia,45.0,0.8,2019,255.0,95.0,4.2239130434782615,92.0,3382.5652173913045,8632.0,39781.0,0.020603693961628245,93.82608695652173,0.09495314521403304,62.75923970432946
Bangladesh,Asia,2.0,4.25,2019,284.0,83.0,4.2239130434782615,92.0,3382.5652173913045,8632.0,39781.0,0.020603693961628245,93.82608695652173,0.09495314521403304,62.75923970432946
Yemen,Asia,60.0,4.25,2019,250.0,0.0,4.2239130434782615,92.0,3382.5652173913045,8632.0,39781.0,0.020603693961628245,93.82608695652173,0.09495314521403304,62.75923970432946
Iraq,Asia,60.0,4.25,2019,216.0,0.0,4.2239130434782615,92.0,3382.5652173913045,8632.0,39781.0,0.020603693961628245,93.82608695652173,0.09495314521403304,62.75923970432946
Cambodia,Asia,60.0,4.25,2019,99.0,70.0,4.2239130434782615,92.0,3382.5652173913045,8632.0,39781.0,0.020603693961628245,93.82608695652173,0.09495314521403304,62.75923970432946
Indonesia,Asia,60.0,4.25,2019,155.0,57.0,4.2239130434782615,92.0,3382.5652173913045,8632.0,39781.0,0.020603693961628245,93.82608695652173,0.09495314521403304,62.75923970432946
Oman,Asia,60.0,4.25,2019,9.0,1.0,4.2239130434782615,92.0,3382.5652173913045,8632.0,39781.0,0.020603693961628245,93.82608695652173,0.09495314521403304,62.75923970432946
China,Asia,147.0,6.2,2020,254355.0,49655.0,4.2239130434782615,92.0,3382.5652173913045,8632.0,39781.0,0.020603693961628245,93.82608695652173,0.09495314521403304,21.026896942242356
Japan,Asia,498.0,8.3,2020,67000.0,4000.0,4.2239130434782615,92.0,3382.5652173913045,8632.0,39781.0,0.020603693961628245,93.82608695652173,0.09495314521403304,21.026896942242356
India,Asia,32.0,6.5,2020,39211.0,4122.0,4.2239130434782615,92.0,3382.5652173913045,8632.0,39781.0,0.020603693961628245,93.82608695652173,0.09495314521403304,21.026896942242356
Vietnam,Asia,60.0,4.25,2020,16504.0,10909.0,4.2239130434782615,92.0,3382.5652173913045,8632.0,39781.0,0.020603693961628245,93.82608695652173,0.09495314521403304,21.026896942242356
South Korea,Asia,217.0,3.8,2020,14575.0,3375.0,4.2239130434782615,92.0,3382.5652173913045,8632.0,39781.0,0.020603693961628245,93.82608695652173,0.09495314521403304,21.026896942242356
Turkey,Asia,73.0,5.9,2020,6668.0,673.0,4.2239130434782615,92.0,3382.5652173913045,8632.0,39781.0,0.020603693961628245,93.82608695652173,0.09495314521403304,21.026896942242356
Taiwan,Asia,172.0,4.25,2020,5817.0,1717.0,4.2239130434782615,92.0,3382.5652173913045,8632.0,39781.0,0.020603693961628245,93.82608695652173,0.09495314521403304,21.026896942242356
Thailand,Asia,43.0,2.9,2020,2988.0,6.0,4.2239130434782615,92.0,3382.5652173913045,8632.0,39781.0,0.020603693961628245,93.82608695652173,0.09495314521403304,21.026896942242356
United Arab Emirates,Asia,185.0,4.25,2020,2539.0,756.0,4.2239130434782615,92.0,3382.5652173913045,8632.0,39781.0,0.020603693961628245,93.82608695652173,0.09495314521403304,21.026896942242356
Israel,Asia,134.0,4.7,2020,2249.0,1059.0,4.2239130434782615,92.0,3382.5652173913045,8632.0,39781.0,0.020603693961628245,93.82608695652173,0.09495314521403304,21.026896942242356
Malaysia,Asia,28.0,2.4,2020,1493.0,611.0,4.2239130434782615,92.0,3382.5652173913045,8632.0,39781.0,0.020603693961628245,93.82608695652173,0.09495314521403304,21.026896942242356
Jordan,Asia,100.0,4.25,2020,1359.0,361.0,4.2239130434782615,92.0,3382.5652173913045,8632.0,39781.0,0.020603693961628245,93.82608695652173,0.09495314521403304,21.026896942242356
Philippines,Asia,9.0,4.25,2020,1048.0,126.0,4.2239130434782615,92.0,3382.5652173913045,8632.0,39781.0,0.020603693961628245,93.82608695652173,0.09495314521403304,21.026896942242356
Pakistan,Asia,6.0,4.25,2020,737.0,24.0,4.2239130434782615,92.0,3382.5652173913045,8632.0,39781.0,0.020603693961628245,93.82608695652173,0.09495314521403304,21.026896942242356
Iran,Asia,5.0,0.4,2020,414.0,85.0,4.2239130434782615,92.0,3382.5652173913045,8632.0,39781.0,0.020603693961628245,93.82608695652173,0.09495314521403304,21.026896942242356
Saudi Arabia,Asia,60.0,4.25,2020,409.0,0.0,4.2239130434782615,92.0,3382.5652173913045,8632.0,39781.0,0.020603693961628245,93.82608695652173,0.09495314521403304,21.026896942242356
Singapore,Asia,45.0,0.8,2020,329.0,74.0,4.2239130434782615,92.0,3382.5652173913045,8632.0,39781.0,0.020603693961628245,93.82608695652173,0.09495314521403304,21.026896942242356
Bangladesh,Asia,2.0,4.25,2020,301.0,17.0,4.2239130434782615,92.0,3382.5652173913045,8632.0,39781.0,0.020603693961628245,93.82608695652173,0.09495314521403304,21.026896942242356
Yemen,Asia,60.0,4.25,2020,253.0,3.0,4.2239130434782615,92.0,3382.5652173913045,8632.0,39781.0,0.020603693961628245,93.82608695652173,0.09495314521403304,21.026896942242356
Iraq,Asia,60.0,4.25,2020,216.0,0.0,4.2239130434782615,92.0,3382.5652173913045,8632.0,39781.0,0.020603693961628245,93.82608695652173,0.09495314521403304,21.026896942242356
Cambodia,Asia,60.0,4.25,2020,208.0,109.0,4.2239130434782615,92.0,3382.5652173913045,8632.0,39781.0,0.020603693961628245,93.82608695652173,0.09495314521403304,21.026896942242356
Indonesia,Asia,60.0,4.25,2020,172.0,17.0,4.2239130434782615,92.0,3382.5652173913045,8632.0,39781.0,0.020603693961628245,93.82608695652173,0.09495314521403304,21.026896942242356
Oman,Asia,60.0,4.25,2020,109.0,100.0,4.2239130434782615,92.0,3382.5652173913045,8632.0,39781.0,0.020603693961628245,93.82608695652173,0.09495314521403304,21.026896942242356
Australia,Australia,637.0,10.7,2016,5900.0,,10.7,637.0,862.0,63842.0,2097.0,3.5928864877033035,100.22291993720565,0.11801451966908662,
New Zealand,Australia,,,2016,53.0,,10.7,637.0,862.0,63842.0,2097.0,3.5928864877033035,100.22291993720565,0.11801451966908662,
Australia,Australia,637.0,10.7,2017,7200.0,1250.0,10.7,637.0,862.0,63842.0,2097.0,3.5928864877033035,100.22291993720565,0.11801451966908662,-0.9828688868156681
New Zealand,Australia,,,2017,70.0,17.0,10.7,637.0,862.0,63842.0,2097.0,3.5928864877033035,100.22291993720565,0.11801451966908662,-0.9828688868156681
Australia,Australia,637.0,10.7,2018,11300.0,3800.0,10.7,637.0,862.0,63842.0,2097.0,3.5928864877033035,100.22291993720565,0.11801451966908662,-0.9431539159808926
New Zealand,Australia,,,2018,90.0,20.0,10.7,637.0,862.0,63842.0,2097.0,3.5928864877033035,100.22291993720565,0.11801451966908662,-0.9431539159808926
Australia,Australia,637.0,10.7,2019,15928.0,3700.0,10.7,637.0,862.0,63842.0,2097.0,3.5928864877033035,100.22291993720565,0.11801451966908662,-0.9382742630009937
New Zealand,Australia,,,2019,117.0,27.0,10.7,637.0,862.0,63842.0,2097.0,3.5928864877033035,100.22291993720565,0.11801451966908662,-0.9382742630009937
Australia,Australia,637.0,10.7,2020,17627.0,1699.0,10.7,637.0,862.0,63842.0,2097.0,3.5928864877033035,100.22291993720565,0.11801451966908662,-0.9778403321379452
New Zealand,Australia,,,2020,142.0,25.0,10.7,637.0,862.0,63842.0,2097.0,3.5928864877033035,100.22291993720565,0.11801451966908662,-0.9778403321379452
Germany,Europe,593.0,9.7,2016,41220.0,,4.533870967741937,164.70967741935485,850.0967741935484,36751.0,27096.0,0.22592642683256695,223.1259302781042,0.16657240514422014,
Italy,Europe,345.0,8.3,2016,19279.0,,4.533870967741937,164.70967741935485,850.0967741935484,36751.0,27096.0,0.22592642683256695,223.1259302781042,0.16657240514422014,
Spain,Europe,186.0,9.0,2016,4669.0,,4.533870967741937,164.70967741935485,850.0967741935484,36751.0,27096.0,0.22592642683256695,223.1259302781042,0.16657240514422014,
United Kingdom,Europe,200.0,4.0,2016,11630.0,,4.533870967741937,164.70967741935485,850.0967741935484,36751.0,27096.0,0.22592642683256695,223.1259302781042,0.16657240514422014,
France,Europe,148.0,2.8,2016,7130.0,,4.533870967741937,164.70967741935485,850.0967741935484,36751.0,27096.0,0.22592642683256695,223.1259302781042,0.16657240514422014,
Netherlands,Europe,396.0,8.9,2016,2100.0,,4.533870967741937,164.70967741935485,850.0967741935484,36751.0,27096.0,0.22592642683256695,223.1259302781042,0.16657240514422014,
Belgium,Europe,394.0,6.6,2016,3422.0,,4.533870967741937,164.70967741935485,850.0967741935484,36751.0,27096.0,0.22592642683256695,223.1259302781042,0.16657240514422014,
Ukraine,Europe,114.0,5.0,2016,531.0,,4.533870967741937,164.70967741935485,850.0967741935484,36751.0,27096.0,0.22592642683256695,223.1259302781042,0.16657240514422014,
Poland,Europe,34.0,4.05,2016,,,4.533870967741937,164.70967741935485,850.0967741935484,36751.0,27096.0,0.22592642683256695,223.1259302781042,0.16657240514422014,
Greece,Europe,258.0,9.3,2016,,,4.533870967741937,164.70967741935485,850.0967741935484,36751.0,27096.0,0.22592642683256695,223.1259302781042,0.16657240514422014,
Switzerland,Europe,295.0,4.7,2016,1640.0,,4.533870967741937,164.70967741935485,850.0967741935484,36751.0,27096.0,0.22592642683256695,223.1259302781042,0.16657240514422014,
Austria,Europe,178.0,3.4,2016,1077.0,,4.533870967741937,164.70967741935485,850.0967741935484,36751.0,27096.0,0.22592642683256695,223.1259302781042,0.16657240514422014,
Czech Republic,Europe,194.0,3.5,2016,2131.0,,4.533870967741937,164.70967741935485,850.0967741935484,36751.0,27096.0,0.22592642683256695,223.1259302781042,0.16657240514422014,
Hungary,Europe,131.0,4.05,2016,,,4.533870967741937,164.70967741935485,850.0967741935484,36751.0,27096.0,0.22592642683256695,223.1259302781042,0.16657240514422014,
Russia,Europe,7.0,4.05,2016,77.0,,4.533870967741937,164.70967741935485,850.0967741935484,36751.0,27096.0,0.22592642683256695,223.1259302781042,0.16657240514422014,
Sweden,Europe,63.0,0.7,2016,175.0,,4.533870967741937,164.70967741935485,850.0967741935484,36751.0,27096.0,0.22592642683256695,223.1259302781042,0.16657240514422014,
Romania,Europe,71.0,3.4,2016,1372.0,,4.533870967741937,164.70967741935485,850.0967741935484,36751.0,27096.0,0.22592642683256695,223.1259302781042,0.16657240514422014,
Denmark,Europe,186.0,4.1,2016,900.0,,4.533870967741937,164.70967741935485,850.0967741935484,36751.0,27096.0,0.22592642683256695,223.1259302781042,0.16657240514422014,
Bulgaria,Europe,152.0,4.7,2016,1028.0,,4.533870967741937,164.70967741935485,850.0967741935484,36751.0,27096.0,0.22592642683256695,223.1259302781042,0.16657240514422014,
Portugal,Europe,81.0,3.4,2016,513.0,,4.533870967741937,164.70967741935485,850.0967741935484,36751.0,27096.0,0.22592642683256695,223.1259302781042,0.16657240514422014,
Slovakia,Europe,87.0,2.4,2016,533.0,,4.533870967741937,164.70967741935485,850.0967741935484,36751.0,27096.0,0.22592642683256695,223.1259302781042,0.16657240514422014,
Finland,Europe,39.0,0.3,2016,37.0,,4.533870967741937,164.70967741935485,850.0967741935484,36751.0,27096.0,0.22592642683256695,223.1259302781042,0.16657240514422014,
Slovenia,Europe,60.0,4.05,2016,232.0,,4.533870967741937,164.70967741935485,850.0967741935484,36751.0,27096.0,0.22592642683256695,223.1259302781042,0.16657240514422014,
Cyprus,Europe,147.0,3.3,2016,84.0,,4.533870967741937,164.70967741935485,850.0967741935484,36751.0,27096.0,0.22592642683256695,223.1259302781042,0.16657240514422014,
Luxembourg,Europe,244.0,4.05,2016,122.0,,4.533870967741937,164.70967741935485,850.0967741935484,36751.0,27096.0,0.22592642683256695,223.1259302781042,0.16657240514422014,
Malta,Europe,312.0,6.5,2016,93.0,,4.533870967741937,164.70967741935485,850.0967741935484,36751.0,27096.0,0.22592642683256695,223.1259302781042,0.16657240514422014,
Belarus,Europe,60.0,4.05,2016,51.0,,4.533870967741937,164.70967741935485,850.0967741935484,36751.0,27096.0,0.22592642683256695,223.1259302781042,0.16657240514422014,
Norway,Europe,17.0,0.1,2016,27.0,,4.533870967741937,164.70967741935485,850.0967741935484,36751.0,27096.0,0.22592642683256695,223.1259302781042,0.16657240514422014,
Lithuania,Europe,37.0,4.05,2016,70.0,,4.533870967741937,164.70967741935485,850.0967741935484,36751.0,27096.0,0.22592642683256695,223.1259302781042,0.16657240514422014,
Estonia,Europe,60.0,4.05,2016,10.0,,4.533870967741937,164.70967741935485,850.0967741935484,36751.0,27096.0,0.22592642683256695,223.1259302781042,0.16657240514422014,
Croatia,Europe,17.0,4.05,2016,56.0,,4.533870967741937,164.70967741935485,850.0967741935484,36751.0,27096.0,0.22592642683256695,223.1259302781042,0.16657240514422014,
Germany,Europe,593.0,9.7,2017,42000.0,1800.0,4.533870967741937,164.70967741935485,850.0967741935484,36751.0,27096.0,0.22592642683256695,223.1259302781042,0.16657240514422014,4.064719810576165
Italy,Europe,345.0,8.3,2017,19700.0,409.0,4.533870967741937,164.70967741935485,850.0967741935484,36751.0,27096.0,0.22592642683256695,223.1259302781042,0.16657240514422014,4.064719810576165
Spain,Europe,186.0,9.0,2017,4688.0,19.0,4.533870967741937,164.70967741935485,850.0967741935484,36751.0,27096.0,0.22592642683256695,223.1259302781042,0.16657240514422014,4.064719810576165
United Kingdom,Europe,200.0,4.0,2017,12700.0,900.0,4.533870967741937,164.70967741935485,850.0967741935484,36751.0,27096.0,0.22592642683256695,223.1259302781042,0.16657240514422014,4.064719810576165
France,Europe,148.0,2.8,2017,8000.0,875.0,4.533870967741937,164.70967741935485,850.0967741935484,36751.0,27096.0,0.22592642683256695,223.1259302781042,0.16657240514422014,4.064719810576165
Netherlands,Europe,396.0,8.9,2017,2900.0,853.0,4.533870967741937,164.70967741935485,850.0967741935484,36751.0,27096.0,0.22592642683256695,223.1259302781042,0.16657240514422014,4.064719810576165
Belgium,Europe,394.0,6.6,2017,3800.0,284.0,4.533870967741937,164.70967741935485,850.0967741935484,36751.0,27096.0,0.22592642683256695,223.1259302781042,0.16657240514422014,4.064719810576165
Ukraine,Europe,114.0,5.0,2017,742.0,211.0,4.533870967741937,164.70967741935485,850.0967741935484,36751.0,27096.0,0.22592642683256695,223.1259302781042,0.16657240514422014,4.064719810576165
Poland,Europe,34.0,4.05,2017,,,4.533870967741937,164.70967741935485,850.0967741935484,36751.0,27096.0,0.22592642683256695,223.1259302781042,0.16657240514422014,4.064719810576165
Greece,Europe,258.0,9.3,2017,,,4.533870967741937,164.70967741935485,850.0967741935484,36751.0,27096.0,0.22592642683256695,223.1259302781042,0.16657240514422014,4.064719810576165
Switzerland,Europe,295.0,4.7,2017,1900.0,260.0,4.533870967741937,164.70967741935485,850.0967741935484,36751.0,27096.0,0.22592642683256695,223.1259302781042,0.16657240514422014,4.064719810576165
Austria,Europe,178.0,3.4,2017,1250.0,153.0,4.533870967741937,164.70967741935485,850.0967741935484,36751.0,27096.0,0.22592642683256695,223.1259302781042,0.16657240514422014,4.064719810576165
Czech Republic,Europe,194.0,3.5,2017,2193.0,63.0,4.533870967741937,164.70967741935485,850.0967741935484,36751.0,27096.0,0.22592642683256695,223.1259302781042,0.16657240514422014,4.064719810576165
Hungary,Europe,131.0,4.05,2017,,,4.533870967741937,164.70967741935485,850.0967741935484,36751.0,27096.0,0.22592642683256695,223.1259302781042,0.16657240514422014,4.064719810576165
Russia,Europe,7.0,4.05,2017,236.0,159.0,4.533870967741937,164.70967741935485,850.0967741935484,36751.0,27096.0,0.22592642683256695,223.1259302781042,0.16657240514422014,4.064719810576165
Sweden,Europe,63.0,0.7,2017,303.0,93.0,4.533870967741937,164.70967741935485,850.0967741935484,36751.0,27096.0,0.22592642683256695,223.1259302781042,0.16657240514422014,4.064719810576165
Romania,Europe,71.0,3.4,2017,1374.0,2.0,4.533870967741937,164.70967741935485,850.0967741935484,36751.0,27096.0,0.22592642683256695,223.1259302781042,0.16657240514422014,4.064719810576165
Denmark,Europe,186.0,4.1,2017,910.0,60.0,4.533870967741937,164.70967741935485,850.0967741935484,36751.0,27096.0,0.22592642683256695,223.1259302781042,0.16657240514422014,4.064719810576165
Bulgaria,Europe,152.0,4.7,2017,1036.0,8.0,4.533870967741937,164.70967741935485,850.0967741935484,36751.0,27096.0,0.22592642683256695,223.1259302781042,0.16657240514422014,4.064719810576165
Portugal,Europe,81.0,3.4,2017,577.0,57.0,4.533870967741937,164.70967741935485,850.0967741935484,36751.0,27096.0,0.22592642683256695,223.1259302781042,0.16657240514422014,4.064719810576165
Slovakia,Europe,87.0,2.4,2017,528.0,-5.0,4.533870967741937,164.70967741935485,850.0967741935484,36751.0,27096.0,0.22592642683256695,223.1259302781042,0.16657240514422014,4.064719810576165
Finland,Europe,39.0,0.3,2017,80.0,23.0,4.533870967741937,164.70967741935485,850.0967741935484,36751.0,27096.0,0.22592642683256695,223.1259302781042,0.16657240514422014,4.064719810576165
Slovenia,Europe,60.0,4.05,2017,247.0,15.0,4.533870967741937,164.70967741935485,850.0967741935484,36751.0,27096.0,0.22592642683256695,223.1259302781042,0.16657240514422014,4.064719810576165
Cyprus,Europe,147.0,3.3,2017,105.0,21.0,4.533870967741937,164.70967741935485,850.0967741935484,36751.0,27096.0,0.22592642683256695,223.1259302781042,0.16657240514422014,4.064719810576165
Luxembourg,Europe,244.0,4.05,2017,127.0,5.0,4.533870967741937,164.70967741935485,850.0967741935484,36751.0,27096.0,0.22592642683256695,223.1259302781042,0.16657240514422014,4.064719810576165
Malta,Europe,312.0,6.5,2017,112.0,19.0,4.533870967741937,164.70967741935485,850.0967741935484,36751.0,27096.0,0.22592642683256695,223.1259302781042,0.16657240514422014,4.064719810576165
Belarus,Europe,60.0,4.05,2017,153.0,102.0,4.533870967741937,164.70967741935485,850.0967741935484,36751.0,27096.0,0.22592642683256695,223.1259302781042,0.16657240514422014,4.064719810576165
Norway,Europe,17.0,0.1,2017,45.0,18.0,4.533870967741937,164.70967741935485,850.0967741935484,36751.0,27096.0,0.22592642683256695,223.1259302781042,0.16657240514422014,4.064719810576165
Lithuania,Europe,37.0,4.05,2017,74.0,4.0,4.533870967741937,164.70967741935485,850.0967741935484,36751.0,27096.0,0.22592642683256695,223.1259302781042,0.16657240514422014,4.064719810576165
Estonia,Europe,60.0,4.05,2017,15.0,5.0,4.533870967741937,164.70967741935485,850.0967741935484,36751.0,27096.0,0.22592642683256695,223.1259302781042,0.16657240514422014,4.064719810576165
Croatia,Europe,17.0,4.05,2017,60.0,4.0,4.533870967741937,164.70967741935485,850.0967741935484,36751.0,27096.0,0.22592642683256695,223.1259302781042,0.16657240514422014,4.064719810576165
Germany,Europe,593.0,9.7,2018,45930.0,3000.0,4.533870967741937,164.70967741935485,850.0967741935484,36751.0,27096.0,0.22592642683256695,223.1259302781042,0.16657240514422014,1.3984554973821992
Italy,Europe,345.0,8.3,2018,20120.0,420.0,4.533870967741937,164.70967741935485,850.0967741935484,36751.0,27096.0,0.22592642683256695,223.1259302781042,0.16657240514422014,1.3984554973821992
Spain,Europe,186.0,9.0,2018,4707.0,19.0,4.533870967741937,164.70967741935485,850.0967741935484,36751.0,27096.0,0.22592642683256695,223.1259302781042,0.16657240514422014,1.3984554973821992
United Kingdom,Europe,200.0,4.0,2018,13108.0,408.0,4.533870967741937,164.70967741935485,850.0967741935484,36751.0,27096.0,0.22592642683256695,223.1259302781042,0.16657240514422014,1.3984554973821992
France,Europe,148.0,2.8,2018,9483.0,1483.0,4.533870967741937,164.70967741935485,850.0967741935484,36751.0,27096.0,0.22592642683256695,223.1259302781042,0.16657240514422014,1.3984554973821992
Netherlands,Europe,396.0,8.9,2018,4150.0,1300.0,4.533870967741937,164.70967741935485,850.0967741935484,36751.0,27096.0,0.22592642683256695,223.1259302781042,0.16657240514422014,1.3984554973821992
Belgium,Europe,394.0,6.6,2018,4026.0,226.0,4.533870967741937,164.70967741935485,850.0967741935484,36751.0,27096.0,0.22592642683256695,223.1259302781042,0.16657240514422014,1.3984554973821992
Ukraine,Europe,114.0,5.0,2018,2003.0,1200.0,4.533870967741937,164.70967741935485,850.0967741935484,36751.0,27096.0,0.22592642683256695,223.1259302781042,0.16657240514422014,1.3984554973821992
Poland,Europe,34.0,4.05,2018,487.0,,4.533870967741937,164.70967741935485,850.0967741935484,36751.0,27096.0,0.22592642683256695,223.1259302781042,0.16657240514422014,1.3984554973821992
Greece,Europe,258.0,9.3,2018,2652.0,,4.533870967741937,164.70967741935485,850.0967741935484,36751.0,27096.0,0.22592642683256695,223.1259302781042,0.16657240514422014,1.3984554973821992
Switzerland,Europe,295.0,4.7,2018,2246.0,346.0,4.533870967741937,164.70967741935485,850.0967741935484,36751.0,27096.0,0.22592642683256695,223.1259302781042,0.16657240514422014,1.3984554973821992
Austria,Europe,178.0,3.4,2018,1431.0,181.0,4.533870967741937,164.70967741935485,850.0967741935484,36751.0,27096.0,0.22592642683256695,223.1259302781042,0.16657240514422014,1.3984554973821992
Czech Republic,Europe,194.0,3.5,2018,2078.0,-115.0,4.533870967741937,164.70967741935485,850.0967741935484,36751.0,27096.0,0.22592642683256695,223.1259302781042,0.16657240514422014,1.3984554973821992
Hungary,Europe,131.0,4.05,2018,665.0,,4.533870967741937,164.70967741935485,850.0967741935484,36751.0,27096.0,0.22592642683256695,223.1259302781042,0.16657240514422014,1.3984554973821992
Russia,Europe,7.0,4.05,2018,546.0,310.0,4.533870967741937,164.70967741935485,850.0967741935484,36751.0,27096.0,0.22592642683256695,223.1259302781042,0.16657240514422014,1.3984554973821992
Sweden,Europe,63.0,0.7,2018,421.0,118.0,4.533870967741937,164.70967741935485,850.0967741935484,36751.0,27096.0,0.22592642683256695,223.1259302781042,0.16657240514422014,1.3984554973821992
Romania,Europe,71.0,3.4,2018,1377.0,3.0,4.533870967741937,164.70967741935485,850.0967741935484,36751.0,27096.0,0.22592642683256695,223.1259302781042,0.16657240514422014,1.3984554973821992
Denmark,Europe,186.0,4.1,2018,998.0,88.0,4.533870967741937,164.70967741935485,850.0967741935484,36751.0,27096.0,0.22592642683256695,223.1259302781042,0.16657240514422014,1.3984554973821992
Bulgaria,Europe,152.0,4.7,2018,1036.0,0.0,4.533870967741937,164.70967741935485,850.0967741935484,36751.0,27096.0,0.22592642683256695,223.1259302781042,0.16657240514422014,1.3984554973821992
Portugal,Europe,81.0,3.4,2018,670.0,93.0,4.533870967741937,164.70967741935485,850.0967741935484,36751.0,27096.0,0.22592642683256695,223.1259302781042,0.16657240514422014,1.3984554973821992
Slovakia,Europe,87.0,2.4,2018,472.0,-56.0,4.533870967741937,164.70967741935485,850.0967741935484,36751.0,27096.0,0.22592642683256695,223.1259302781042,0.16657240514422014,1.3984554973821992
Finland,Europe,39.0,0.3,2018,134.0,53.1,4.533870967741937,164.70967741935485,850.0967741935484,36751.0,27096.0,0.22592642683256695,223.1259302781042,0.16657240514422014,1.3984554973821992
Slovenia,Europe,60.0,4.05,2018,247.0,0.0,4.533870967741937,164.70967741935485,850.0967741935484,36751.0,27096.0,0.22592642683256695,223.1259302781042,0.16657240514422014,1.3984554973821992
Cyprus,Europe,147.0,3.3,2018,113.0,8.0,4.533870967741937,164.70967741935485,850.0967741935484,36751.0,27096.0,0.22592642683256695,223.1259302781042,0.16657240514422014,1.3984554973821992
Luxembourg,Europe,244.0,4.05,2018,134.0,7.0,4.533870967741937,164.70967741935485,850.0967741935484,36751.0,27096.0,0.22592642683256695,223.1259302781042,0.16657240514422014,1.3984554973821992
Malta,Europe,312.0,6.5,2018,127.0,15.0,4.533870967741937,164.70967741935485,850.0967741935484,36751.0,27096.0,0.22592642683256695,223.1259302781042,0.16657240514422014,1.3984554973821992
Belarus,Europe,60.0,4.05,2018,157.0,4.0,4.533870967741937,164.70967741935485,850.0967741935484,36751.0,27096.0,0.22592642683256695,223.1259302781042,0.16657240514422014,1.3984554973821992
Norway,Europe,17.0,0.1,2018,68.0,23.0,4.533870967741937,164.70967741935485,850.0967741935484,36751.0,27096.0,0.22592642683256695,223.1259302781042,0.16657240514422014,1.3984554973821992
Lithuania,Europe,37.0,4.05,2018,84.0,10.0,4.533870967741937,164.70967741935485,850.0967741935484,36751.0,27096.0,0.22592642683256695,223.1259302781042,0.16657240514422014,1.3984554973821992
Estonia,Europe,60.0,4.05,2018,32.0,17.0,4.533870967741937,164.70967741935485,850.0967741935484,36751.0,27096.0,0.22592642683256695,223.1259302781042,0.16657240514422014,1.3984554973821992
Croatia,Europe,17.0,4.05,2018,61.0,1.0,4.533870967741937,164.70967741935485,850.0967741935484,36751.0,27096.0,0.22592642683256695,223.1259302781042,0.16657240514422014,1.3984554973821992
Germany,Europe,593.0,9.7,2019,49200.0,3900.0,4.533870967741937,164.70967741935485,850.0967741935484,36751.0,27096.0,0.22592642683256695,223.1259302781042,0.16657240514422014,3.706198014488865
Italy,Europe,345.0,8.3,2019,20800.0,600.0,4.533870967741937,164.70967741935485,850.0967741935484,36751.0,27096.0,0.22592642683256695,223.1259302781042,0.16657240514422014,3.706198014488865
Spain,Europe,186.0,9.0,2019,8711.0,4004.0,4.533870967741937,164.70967741935485,850.0967741935484,36751.0,27096.0,0.22592642683256695,223.1259302781042,0.16657240514422014,3.706198014488865
United Kingdom,Europe,200.0,4.0,2019,13346.0,233.0,4.533870967741937,164.70967741935485,850.0967741935484,36751.0,27096.0,0.22592642683256695,223.1259302781042,0.16657240514422014,3.706198014488865
France,Europe,148.0,2.8,2019,9900.0,900.0,4.533870967741937,164.70967741935485,850.0967741935484,36751.0,27096.0,0.22592642683256695,223.1259302781042,0.16657240514422014,3.706198014488865
Netherlands,Europe,396.0,8.9,2019,6725.0,2575.0,4.533870967741937,164.70967741935485,850.0967741935484,36751.0,27096.0,0.22592642683256695,223.1259302781042,0.16657240514422014,3.706198014488865
Belgium,Europe,394.0,6.6,2019,4531.0,505.0,4.533870967741937,164.70967741935485,850.0967741935484,36751.0,27096.0,0.22592642683256695,223.1259302781042,0.16657240514422014,3.706198014488865
Ukraine,Europe,114.0,5.0,2019,3560.0,1557.0,4.533870967741937,164.70967741935485,850.0967741935484,36751.0,27096.0,0.22592642683256695,223.1259302781042,0.16657240514422014,3.706198014488865
Poland,Europe,34.0,4.05,2019,1300.0,813.0,4.533870967741937,164.70967741935485,850.0967741935484,36751.0,27096.0,0.22592642683256695,223.1259302781042,0.16657240514422014,3.706198014488865
Greece,Europe,258.0,9.3,2019,2763.0,111.0,4.533870967741937,164.70967741935485,850.0967741935484,36751.0,27096.0,0.22592642683256695,223.1259302781042,0.16657240514422014,3.706198014488865
Switzerland,Europe,295.0,4.7,2019,2524.0,278.0,4.533870967741937,164.70967741935485,850.0967741935484,36751.0,27096.0,0.22592642683256695,223.1259302781042,0.16657240514422014,3.706198014488865
Austria,Europe,178.0,3.4,2019,1578.0,147.0,4.533870967741937,164.70967741935485,850.0967741935484,36751.0,27096.0,0.22592642683256695,223.1259302781042,0.16657240514422014,3.706198014488865
Czech Republic,Europe,194.0,3.5,2019,2070.0,-8.0,4.533870967741937,164.70967741935485,850.0967741935484,36751.0,27096.0,0.22592642683256695,223.1259302781042,0.16657240514422014,3.706198014488865
Hungary,Europe,131.0,4.05,2019,1277.0,612.0,4.533870967741937,164.70967741935485,850.0967741935484,36751.0,27096.0,0.22592642683256695,223.1259302781042,0.16657240514422014,3.706198014488865
Russia,Europe,7.0,4.05,2019,1064.0,518.0,4.533870967741937,164.70967741935485,850.0967741935484,36751.0,27096.0,0.22592642683256695,223.1259302781042,0.16657240514422014,3.706198014488865
Sweden,Europe,63.0,0.7,2019,644.0,223.0,4.533870967741937,164.70967741935485,850.0967741935484,36751.0,27096.0,0.22592642683256695,223.1259302781042,0.16657240514422014,3.706198014488865
Romania,Europe,71.0,3.4,2019,1386.0,9.0,4.533870967741937,164.70967741935485,850.0967741935484,36751.0,27096.0,0.22592642683256695,223.1259302781042,0.16657240514422014,3.706198014488865
Denmark,Europe,186.0,4.1,2019,1079.0,81.0,4.533870967741937,164.70967741935485,850.0967741935484,36751.0,27096.0,0.22592642683256695,223.1259302781042,0.16657240514422014,3.706198014488865
Bulgaria,Europe,152.0,4.7,2019,1065.0,29.0,4.533870967741937,164.70967741935485,850.0967741935484,36751.0,27096.0,0.22592642683256695,223.1259302781042,0.16657240514422014,3.706198014488865
Portugal,Europe,81.0,3.4,2019,828.0,158.0,4.533870967741937,164.70967741935485,850.0967741935484,36751.0,27096.0,0.22592642683256695,223.1259302781042,0.16657240514422014,3.706198014488865
Slovakia,Europe,87.0,2.4,2019,472.0,0.0,4.533870967741937,164.70967741935485,850.0967741935484,36751.0,27096.0,0.22592642683256695,223.1259302781042,0.16657240514422014,3.706198014488865
Finland,Europe,39.0,0.3,2019,215.0,81.0,4.533870967741937,164.70967741935485,850.0967741935484,36751.0,27096.0,0.22592642683256695,223.1259302781042,0.16657240514422014,3.706198014488865
Slovenia,Europe,60.0,4.05,2019,264.0,17.0,4.533870967741937,164.70967741935485,850.0967741935484,36751.0,27096.0,0.22592642683256695,223.1259302781042,0.16657240514422014,3.706198014488865
Cyprus,Europe,147.0,3.3,2019,129.0,16.0,4.533870967741937,164.70967741935485,850.0967741935484,36751.0,27096.0,0.22592642683256695,223.1259302781042,0.16657240514422014,3.706198014488865
Luxembourg,Europe,244.0,4.05,2019,150.0,16.0,4.533870967741937,164.70967741935485,850.0967741935484,36751.0,27096.0,0.22592642683256695,223.1259302781042,0.16657240514422014,3.706198014488865
Malta,Europe,312.0,6.5,2019,154.0,27.0,4.533870967741937,164.70967741935485,850.0967741935484,36751.0,27096.0,0.22592642683256695,223.1259302781042,0.16657240514422014,3.706198014488865
Belarus,Europe,60.0,4.05,2019,157.0,0.0,4.533870967741937,164.70967741935485,850.0967741935484,36751.0,27096.0,0.22592642683256695,223.1259302781042,0.16657240514422014,3.706198014488865
Norway,Europe,17.0,0.1,2019,90.0,22.0,4.533870967741937,164.70967741935485,850.0967741935484,36751.0,27096.0,0.22592642683256695,223.1259302781042,0.16657240514422014,3.706198014488865
Lithuania,Europe,37.0,4.05,2019,103.0,19.0,4.533870967741937,164.70967741935485,850.0967741935484,36751.0,27096.0,0.22592642683256695,223.1259302781042,0.16657240514422014,3.706198014488865
Estonia,Europe,60.0,4.05,2019,121.0,89.0,4.533870967741937,164.70967741935485,850.0967741935484,36751.0,27096.0,0.22592642683256695,223.1259302781042,0.16657240514422014,3.706198014488865
Croatia,Europe,17.0,4.05,2019,69.0,8.0,4.533870967741937,164.70967741935485,850.0967741935484,36751.0,27096.0,0.22592642683256695,223.1259302781042,0.16657240514422014,3.706198014488865
Germany,Europe,593.0,9.7,2020,53783.0,4583.0,4.533870967741937,164.70967741935485,850.0967741935484,36751.0,27096.0,0.22592642683256695,223.1259302781042,0.16657240514422014,14.285962877030162
Italy,Europe,345.0,8.3,2020,21600.0,800.0,4.533870967741937,164.70967741935485,850.0967741935484,36751.0,27096.0,0.22592642683256695,223.1259302781042,0.16657240514422014,14.285962877030162
Spain,Europe,186.0,9.0,2020,14089.0,5378.0,4.533870967741937,164.70967741935485,850.0967741935484,36751.0,27096.0,0.22592642683256695,223.1259302781042,0.16657240514422014,14.285962877030162
United Kingdom,Europe,200.0,4.0,2020,13563.0,177.0,4.533870967741937,164.70967741935485,850.0967741935484,36751.0,27096.0,0.22592642683256695,223.1259302781042,0.16657240514422014,14.285962877030162
France,Europe,148.0,2.8,2020,11733.0,1833.0,4.533870967741937,164.70967741935485,850.0967741935484,36751.0,27096.0,0.22592642683256695,223.1259302781042,0.16657240514422014,14.285962877030162
Netherlands,Europe,396.0,8.9,2020,10213.0,3488.0,4.533870967741937,164.70967741935485,850.0967741935484,36751.0,27096.0,0.22592642683256695,223.1259302781042,0.16657240514422014,14.285962877030162
Belgium,Europe,394.0,6.6,2020,5646.0,1115.0,4.533870967741937,164.70967741935485,850.0967741935484,36751.0,27096.0,0.22592642683256695,223.1259302781042,0.16657240514422014,14.285962877030162
Ukraine,Europe,114.0,5.0,2020,5360.0,1800.0,4.533870967741937,164.70967741935485,850.0967741935484,36751.0,27096.0,0.22592642683256695,223.1259302781042,0.16657240514422014,14.285962877030162
Poland,Europe,34.0,4.05,2020,3936.0,2636.0,4.533870967741937,164.70967741935485,850.0967741935484,36751.0,27096.0,0.22592642683256695,223.1259302781042,0.16657240514422014,14.285962877030162
Greece,Europe,258.0,9.3,2020,3247.0,484.0,4.533870967741937,164.70967741935485,850.0967741935484,36751.0,27096.0,0.22592642683256695,223.1259302781042,0.16657240514422014,14.285962877030162
Switzerland,Europe,295.0,4.7,2020,3118.0,594.0,4.533870967741937,164.70967741935485,850.0967741935484,36751.0,27096.0,0.22592642683256695,223.1259302781042,0.16657240514422014,14.285962877030162
Austria,Europe,178.0,3.4,2020,2220.0,642.0,4.533870967741937,164.70967741935485,850.0967741935484,36751.0,27096.0,0.22592642683256695,223.1259302781042,0.16657240514422014,14.285962877030162
Czech Republic,Europe,194.0,3.5,2020,2073.0,3.0,4.533870967741937,164.70967741935485,850.0967741935484,36751.0,27096.0,0.22592642683256695,223.1259302781042,0.16657240514422014,14.285962877030162
Hungary,Europe,131.0,4.05,2020,1953.0,676.0,4.533870967741937,164.70967741935485,850.0967741935484,36751.0,27096.0,0.22592642683256695,223.1259302781042,0.16657240514422014,14.285962877030162
Russia,Europe,7.0,4.05,2020,1428.0,364.0,4.533870967741937,164.70967741935485,850.0967741935484,36751.0,27096.0,0.22592642683256695,223.1259302781042,0.16657240514422014,14.285962877030162
Sweden,Europe,63.0,0.7,2020,1417.0,773.0,4.533870967741937,164.70967741935485,850.0967741935484,36751.0,27096.0,0.22592642683256695,223.1259302781042,0.16657240514422014,14.285962877030162
Romania,Europe,71.0,3.4,2020,1387.0,1.0,4.533870967741937,164.70967741935485,850.0967741935484,36751.0,27096.0,0.22592642683256695,223.1259302781042,0.16657240514422014,14.285962877030162
Denmark,Europe,186.0,4.1,2020,1300.0,221.0,4.533870967741937,164.70967741935485,850.0967741935484,36751.0,27096.0,0.22592642683256695,223.1259302781042,0.16657240514422014,14.285962877030162
Bulgaria,Europe,152.0,4.7,2020,1073.0,8.0,4.533870967741937,164.70967741935485,850.0967741935484,36751.0,27096.0,0.22592642683256695,223.1259302781042,0.16657240514422014,14.285962877030162
Portugal,Europe,81.0,3.4,2020,1025.0,197.0,4.533870967741937,164.70967741935485,850.0967741935484,36751.0,27096.0,0.22592642683256695,223.1259302781042,0.16657240514422014,14.285962877030162
Slovakia,Europe,87.0,2.4,2020,593.0,121.0,4.533870967741937,164.70967741935485,850.0967741935484,36751.0,27096.0,0.22592642683256695,223.1259302781042,0.16657240514422014,14.285962877030162
Finland,Europe,39.0,0.3,2020,391.0,176.0,4.533870967741937,164.70967741935485,850.0967741935484,36751.0,27096.0,0.22592642683256695,223.1259302781042,0.16657240514422014,14.285962877030162
Slovenia,Europe,60.0,4.05,2020,267.0,3.0,4.533870967741937,164.70967741935485,850.0967741935484,36751.0,27096.0,0.22592642683256695,223.1259302781042,0.16657240514422014,14.285962877030162
Cyprus,Europe,147.0,3.3,2020,200.0,71.0,4.533870967741937,164.70967741935485,850.0967741935484,36751.0,27096.0,0.22592642683256695,223.1259302781042,0.16657240514422014,14.285962877030162
Luxembourg,Europe,244.0,4.05,2020,195.0,45.0,4.533870967741937,164.70967741935485,850.0967741935484,36751.0,27096.0,0.22592642683256695,223.1259302781042,0.16657240514422014,14.285962877030162
Malta,Europe,312.0,6.5,2020,184.0,30.0,4.533870967741937,164.70967741935485,850.0967741935484,36751.0,27096.0,0.22592642683256695,223.1259302781042,0.16657240514422014,14.285962877030162
Belarus,Europe,60.0,4.05,2020,159.0,2.0,4.533870967741937,164.70967741935485,850.0967741935484,36751.0,27096.0,0.22592642683256695,223.1259302781042,0.16657240514422014,14.285962877030162
Norway,Europe,17.0,0.1,2020,152.0,62.0,4.533870967741937,164.70967741935485,850.0967741935484,36751.0,27096.0,0.22592642683256695,223.1259302781042,0.16657240514422014,14.285962877030162
Lithuania,Europe,37.0,4.05,2020,148.0,45.0,4.533870967741937,164.70967741935485,850.0967741935484,36751.0,27096.0,0.22592642683256695,223.1259302781042,0.16657240514422014,14.285962877030162
Estonia,Europe,60.0,4.05,2020,130.0,9.0,4.533870967741937,164.70967741935485,850.0967741935484,36751.0,27096.0,0.22592642683256695,223.1259302781042,0.16657240514422014,14.285962877030162
Croatia,Europe,17.0,4.05,2020,85.0,16.0,4.533870967741937,164.70967741935485,850.0967741935484,36751.0,27096.0,0.22592642683256695,223.1259302781042,0.16657240514422014,14.285962877030162
United States,North America,231.0,3.4,2016,40300.0,,5.05,101.75,1803.6666666666667,64961.0,34007.0,0.7525951156216693,638.4373464373465,0.39398257565225453,
Mexico,North America,35.0,3.2,2016,320.0,,5.05,101.75,1803.6666666666667,64961.0,34007.0,0.7525951156216693,638.4373464373465,0.39398257565225453,
Canada,North America,88.0,0.7,2016,2715.0,,5.05,101.75,1803.6666666666667,64961.0,34007.0,0.7525951156216693,638.4373464373465,0.39398257565225453,
Honduras,North America,53.0,12.9,2016,414.0,,5.05,101.75,1803.6666666666667,64961.0,34007.0,0.7525951156216693,638.4373464373465,0.39398257565225453,
El Salvador,North America,,,2016,28.0,,5.05,101.75,1803.6666666666667,64961.0,34007.0,0.7525951156216693,638.4373464373465,0.39398257565225453,
Dominican Republic,North America,,,2016,73.0,,5.05,101.75,1803.6666666666667,64961.0,34007.0,0.7525951156216693,638.4373464373465,0.39398257565225453,
Panama,North America,,,2016,93.0,,5.05,101.75,1803.6666666666667,64961.0,34007.0,0.7525951156216693,638.4373464373465,0.39398257565225453,
Cuba,North America,,,2016,37.0,,5.05,101.75,1803.6666666666667,64961.0,34007.0,0.7525951156216693,638.4373464373465,0.39398257565225453,
Guatemala,North America,,,2016,93.0,,5.05,101.75,1803.6666666666667,64961.0,34007.0,0.7525951156216693,638.4373464373465,0.39398257565225453,
United States,North America,231.0,3.4,2017,51000.0,10600.0,5.05,101.75,1803.6666666666667,64961.0,34007.0,0.7525951156216693,638.4373464373465,0.39398257565225453,0.7481689262895435
Mexico,North America,35.0,3.2,2017,539.0,150.0,5.05,101.75,1803.6666666666667,64961.0,34007.0,0.7525951156216693,638.4373464373465,0.39398257565225453,0.7481689262895435
Canada,North America,88.0,0.7,2017,2900.0,212.0,5.05,101.75,1803.6666666666667,64961.0,34007.0,0.7525951156216693,638.4373464373465,0.39398257565225453,0.7481689262895435
Honduras,North America,53.0,12.9,2017,451.0,37.0,5.05,101.75,1803.6666666666667,64961.0,34007.0,0.7525951156216693,638.4373464373465,0.39398257565225453,0.7481689262895435
El Salvador,North America,,,2017,126.0,98.0,5.05,101.75,1803.6666666666667,64961.0,34007.0,0.7525951156216693,638.4373464373465,0.39398257565225453,0.7481689262895435
Dominican Republic,North America,,,2017,106.0,33.0,5.05,101.75,1803.6666666666667,64961.0,34007.0,0.7525951156216693,638.4373464373465,0.39398257565225453,0.7481689262895435
Panama,North America,,,2017,147.0,54.0,5.05,101.75,1803.6666666666667,64961.0,34007.0,0.7525951156216693,638.4373464373465,0.39398257565225453,0.7481689262895435
Cuba,North America,,,2017,65.0,28.0,5.05,101.75,1803.6666666666667,64961.0,34007.0,0.7525951156216693,638.4373464373465,0.39398257565225453,0.7481689262895435
Guatemala,North America,,,2017,99.0,6.0,5.05,101.75,1803.6666666666667,64961.0,34007.0,0.7525951156216693,638.4373464373465,0.39398257565225453,0.7481689262895435
United States,North America,231.0,3.4,2018,53184.0,10600.0,5.05,101.75,1803.6666666666667,64961.0,34007.0,0.7525951156216693,638.4373464373465,0.39398257565225453,0.5102432848364458
Mexico,North America,35.0,3.2,2018,3200.0,2700.0,5.05,101.75,1803.6666666666667,64961.0,34007.0,0.7525951156216693,638.4373464373465,0.39398257565225453,0.5102432848364458
Canada,North America,88.0,0.7,2018,3113.0,213.0,5.05,101.75,1803.6666666666667,64961.0,34007.0,0.7525951156216693,638.4373464373465,0.39398257565225453,0.5102432848364458
Honduras,North America,53.0,12.9,2018,485.0,34.0,5.05,101.75,1803.6666666666667,64961.0,34007.0,0.7525951156216693,638.4373464373465,0.39398257565225453,0.5102432848364458
El Salvador,North America,,,2018,206.0,80.0,5.05,101.75,1803.6666666666667,64961.0,34007.0,0.7525951156216693,638.4373464373465,0.39398257565225453,0.5102432848364458
Dominican Republic,North America,,,2018,205.0,99.0,5.05,101.75,1803.6666666666667,64961.0,34007.0,0.7525951156216693,638.4373464373465,0.39398257565225453,0.5102432848364458
Panama,North America,,,2018,193.0,46.0,5.05,101.75,1803.6666666666667,64961.0,34007.0,0.7525951156216693,638.4373464373465,0.39398257565225453,0.5102432848364458
Cuba,North America,,,2018,128.0,63.0,5.05,101.75,1803.6666666666667,64961.0,34007.0,0.7525951156216693,638.4373464373465,0.39398257565225453,0.5102432848364458
Guatemala,North America,,,2018,101.0,2.0,5.05,101.75,1803.6666666666667,64961.0,34007.0,0.7525951156216693,638.4373464373465,0.39398257565225453,0.5102432848364458
United States,North America,231.0,3.4,2019,60682.0,13300.0,5.05,101.75,1803.6666666666667,64961.0,34007.0,0.7525951156216693,638.4373464373465,0.39398257565225453,-0.14082098061573545
Mexico,North America,35.0,3.2,2019,4426.0,1226.0,5.05,101.75,1803.6666666666667,64961.0,34007.0,0.7525951156216693,638.4373464373465,0.39398257565225453,-0.14082098061573545
Canada,North America,88.0,0.7,2019,3310.0,197.0,5.05,101.75,1803.6666666666667,64961.0,34007.0,0.7525951156216693,638.4373464373465,0.39398257565225453,-0.14082098061573545
Honduras,North America,53.0,12.9,2019,511.0,26.0,5.05,101.75,1803.6666666666667,64961.0,34007.0,0.7525951156216693,638.4373464373465,0.39398257565225453,-0.14082098061573545
El Salvador,North America,,,2019,391.0,185.0,5.05,101.75,1803.6666666666667,64961.0,34007.0,0.7525951156216693,638.4373464373465,0.39398257565225453,-0.14082098061573545
Dominican Republic,North America,,,2019,305.0,100.0,5.05,101.75,1803.6666666666667,64961.0,34007.0,0.7525951156216693,638.4373464373465,0.39398257565225453,-0.14082098061573545
Panama,North America,,,2019,198.0,5.0,5.05,101.75,1803.6666666666667,64961.0,34007.0,0.7525951156216693,638.4373464373465,0.39398257565225453,-0.14082098061573545
Cuba,North America,,,2019,159.0,31.0,5.05,101.75,1803.6666666666667,64961.0,34007.0,0.7525951156216693,638.4373464373465,0.39398257565225453,-0.14082098061573545
Guatemala,North America,,,2019,101.0,0.0,5.05,101.75,1803.6666666666667,64961.0,34007.0,0.7525951156216693,638.4373464373465,0.39398257565225453,-0.14082098061573545
United States,North America,231.0,3.4,2020,75572.0,14890.0,5.05,101.75,1803.6666666666667,64961.0,34007.0,0.7525951156216693,638.4373464373465,0.39398257565225453,-0.38401699996205363
Mexico,North America,35.0,3.2,2020,5644.0,1218.0,5.05,101.75,1803.6666666666667,64961.0,34007.0,0.7525951156216693,638.4373464373465,0.39398257565225453,-0.38401699996205363
Canada,North America,88.0,0.7,2020,3325.0,15.0,5.05,101.75,1803.6666666666667,64961.0,34007.0,0.7525951156216693,638.4373464373465,0.39398257565225453,-0.38401699996205363
Honduras,North America,53.0,12.9,2020,514.0,3.0,5.05,101.75,1803.6666666666667,64961.0,34007.0,0.7525951156216693,638.4373464373465,0.39398257565225453,-0.38401699996205363
El Salvador,North America,,,2020,429.0,38.0,5.05,101.75,1803.6666666666667,64961.0,34007.0,0.7525951156216693,638.4373464373465,0.39398257565225453,-0.38401699996205363
Dominican Republic,North America,,,2020,370.0,65.0,5.05,101.75,1803.6666666666667,64961.0,34007.0,0.7525951156216693,638.4373464373465,0.39398257565225453,-0.38401699996205363
Panama,North America,,,2020,198.0,0.0,5.05,101.75,1803.6666666666667,64961.0,34007.0,0.7525951156216693,638.4373464373465,0.39398257565225453,-0.38401699996205363
Cuba,North America,,,2020,163.0,4.0,5.05,101.75,1803.6666666666667,64961.0,34007.0,0.7525951156216693,638.4373464373465,0.39398257565225453,-0.38401699996205363
Guatemala,North America,,,2020,101.0,0.0,5.05,101.75,1803.6666666666667,64961.0,34007.0,0.7525951156216693,638.4373464373465,0.39398257565225453,-0.38401699996205363
Brazil,South America,22.0,1.7,2016,,,5.3999999999999995,82.0,577.5714285714286,11242.0,4225.0,0.8877132027795326,137.09756097560975,0.3336228679722047,
Chile,South America,142.0,9.1,2016,1610.0,,5.3999999999999995,82.0,577.5714285714286,11242.0,4225.0,0.8877132027795326,137.09756097560975,0.3336228679722047,
Argentina,South America,,,2016,9.0,,5.3999999999999995,82.0,577.5714285714286,11242.0,4225.0,0.8877132027795326,137.09756097560975,0.3336228679722047,
Peru,South America,,,2016,146.0,,5.3999999999999995,82.0,577.5714285714286,11242.0,4225.0,0.8877132027795326,137.09756097560975,0.3336228679722047,
Uruguay,South America,,,2016,89.0,,5.3999999999999995,82.0,577.5714285714286,11242.0,4225.0,0.8877132027795326,137.09756097560975,0.3336228679722047,
Bolivia,South America,,,2016,6.0,,5.3999999999999995,82.0,577.5714285714286,11242.0,4225.0,0.8877132027795326,137.09756097560975,0.3336228679722047,
Colombia,South America,,,2016,2.0,,5.3999999999999995,82.0,577.5714285714286,11242.0,4225.0,0.8877132027795326,137.09756097560975,0.3336228679722047,
Brazil,South America,22.0,1.7,2017,1100.0,900.0,5.3999999999999995,82.0,577.5714285714286,11242.0,4225.0,0.8877132027795326,137.09756097560975,0.3336228679722047,-0.8319664824389374
Chile,South America,142.0,9.1,2017,1800.0,668.0,5.3999999999999995,82.0,577.5714285714286,11242.0,4225.0,0.8877132027795326,137.09756097560975,0.3336228679722047,-0.8319664824389374
Argentina,South America,,,2017,9.0,0.0,5.3999999999999995,82.0,577.5714285714286,11242.0,4225.0,0.8877132027795326,137.09756097560975,0.3336228679722047,-0.8319664824389374
Peru,South America,,,2017,298.0,152.0,5.3999999999999995,82.0,577.5714285714286,11242.0,4225.0,0.8877132027795326,137.09756097560975,0.3336228679722047,-0.8319664824389374
Uruguay,South America,,,2017,243.0,154.0,5.3999999999999995,82.0,577.5714285714286,11242.0,4225.0,0.8877132027795326,137.09756097560975,0.3336228679722047,-0.8319664824389374
Bolivia,South America,,,2017,8.0,2.0,5.3999999999999995,82.0,577.5714285714286,11242.0,4225.0,0.8877132027795326,137.09756097560975,0.3336228679722047,-0.8319664824389374
Colombia,South America,,,2017,11.0,9.0,5.3999999999999995,82.0,577.5714285714286,11242.0,4225.0,0.8877132027795326,137.09756097560975,0.3336228679722047,-0.8319664824389374
Brazil,South America,22.0,1.7,2018,2413.0,1313.0,5.3999999999999995,82.0,577.5714285714286,11242.0,4225.0,0.8877132027795326,137.09756097560975,0.3336228679722047,-0.8553877285538773
Chile,South America,142.0,9.1,2018,2137.0,337.0,5.3999999999999995,82.0,577.5714285714286,11242.0,4225.0,0.8877132027795326,137.09756097560975,0.3336228679722047,-0.8553877285538773
Argentina,South America,,,2018,191.0,182.0,5.3999999999999995,82.0,577.5714285714286,11242.0,4225.0,0.8877132027795326,137.09756097560975,0.3336228679722047,-0.8553877285538773
Peru,South America,,,2018,325.0,27.0,5.3999999999999995,82.0,577.5714285714286,11242.0,4225.0,0.8877132027795326,137.09756097560975,0.3336228679722047,-0.8553877285538773
Uruguay,South America,,,2018,248.0,5.0,5.3999999999999995,82.0,577.5714285714286,11242.0,4225.0,0.8877132027795326,137.09756097560975,0.3336228679722047,-0.8553877285538773
Bolivia,South America,,,2018,70.0,62.0,5.3999999999999995,82.0,577.5714285714286,11242.0,4225.0,0.8877132027795326,137.09756097560975,0.3336228679722047,-0.8553877285538773
Colombia,South America,,,2018,86.0,75.0,5.3999999999999995,82.0,577.5714285714286,11242.0,4225.0,0.8877132027795326,137.09756097560975,0.3336228679722047,-0.8553877285538773
Brazil,South America,22.0,1.7,2019,4595.0,2138.0,5.3999999999999995,82.0,577.5714285714286,11242.0,4225.0,0.8877132027795326,137.09756097560975,0.3336228679722047,-0.8031851360318514
Chile,South America,142.0,9.1,2019,2648.0,511.0,5.3999999999999995,82.0,577.5714285714286,11242.0,4225.0,0.8877132027795326,137.09756097560975,0.3336228679722047,-0.8031851360318514
Argentina,South America,,,2019,442.0,251.0,5.3999999999999995,82.0,577.5714285714286,11242.0,4225.0,0.8877132027795326,137.09756097560975,0.3336228679722047,-0.8031851360318514
Peru,South America,,,2019,331.0,6.0,5.3999999999999995,82.0,577.5714285714286,11242.0,4225.0,0.8877132027795326,137.09756097560975,0.3336228679722047,-0.8031851360318514
Uruguay,South America,,,2019,254.0,6.0,5.3999999999999995,82.0,577.5714285714286,11242.0,4225.0,0.8877132027795326,137.09756097560975,0.3336228679722047,-0.8031851360318514
Bolivia,South America,,,2019,120.0,50.0,5.3999999999999995,82.0,577.5714285714286,11242.0,4225.0,0.8877132027795326,137.09756097560975,0.3336228679722047,-0.8031851360318514
Colombia,South America,,,2019,90.0,4.0,5.3999999999999995,82.0,577.5714285714286,11242.0,4225.0,0.8877132027795326,137.09756097560975,0.3336228679722047,-0.8031851360318514
Brazil,South America,22.0,1.7,2020,7881.0,3145.0,5.3999999999999995,82.0,577.5714285714286,11242.0,4225.0,0.8877132027795326,137.09756097560975,0.3336228679722047,-0.750939444341773
Chile,South America,142.0,9.1,2020,3205.0,557.0,5.3999999999999995,82.0,577.5714285714286,11242.0,4225.0,0.8877132027795326,137.09756097560975,0.3336228679722047,-0.750939444341773
Argentina,South America,,,2020,764.0,322.0,5.3999999999999995,82.0,577.5714285714286,11242.0,4225.0,0.8877132027795326,137.09756097560975,0.3336228679722047,-0.750939444341773
Peru,South America,,,2020,331.0,0.0,5.3999999999999995,82.0,577.5714285714286,11242.0,4225.0,0.8877132027795326,137.09756097560975,0.3336228679722047,-0.750939444341773
Uruguay,South America,,,2020,256.0,2.0,5.3999999999999995,82.0,577.5714285714286,11242.0,4225.0,0.8877132027795326,137.09756097560975,0.3336228679722047,-0.750939444341773
Bolivia,South America,,,2020,120.0,0.0,5.3999999999999995,82.0,577.5714285714286,11242.0,4225.0,0.8877132027795326,137.09756097560975,0.3336228679722047,-0.750939444341773
Colombia,South America,,,2020,107.0,17.0,5.3999999999999995,82.0,577.5714285714286,11242.0,4225.0,0.8877132027795326,137.09756097560975,0.3336228679722047,-0.750939444341773
European Union,,295.0,6.0,2016,101433.0,,,,,,,,,,
European Union,,295.0,6.0,2017,107150.0,5717.0,,,,,,,,,
European Union,,295.0,6.0,2018,115234.0,8300.0,,,,,,,,,
European Union,,295.0,6.0,2019,134129.0,16000.0,,,,,,,,,
European Union,,295.0,6.0,2020,152917.0,18788.0,,,,,,,,,
